6,zulily,https://www.zulily.com/,aHR0cHM6Ly93d3cuenVsaWx5LmNvbS8=,https://indybytes.com/pascal?enc=~aHR0cHM6Ly93d3cuenVsaWx5LmNvbS8=~,https://indybytes.com/pascal/zulily
7,houzz,https://www.houzz.com/,aHR0cHM6Ly93d3cuaG91enouY29tLw==,https://indybytes.com/pascal?enc=~aHR0cHM6Ly93d3cuaG91enouY29tLw==~,https://indybytes.com/pascal/houzz
8,hrblock,https://www.hrblock.com/,aHR0cHM6Ly93d3cuaHJibG9jay5jb20v,https://indybytes.com/pascal?enc=~aHR0cHM6Ly93d3cuaHJibG9jay5jb20v~,https://indybytes.com/pascal/hrblock
9,eztaxreturn,https://www.eztaxreturn.com/,aHR0cHM6Ly93d3cuZXp0YXhyZXR1cm4uY29tLw==,https://indybytes.com/pascal?enc=~aHR0cHM6Ly93d3cuZXp0YXhyZXR1cm4uY29tLw==~,https://indybytes.com/pascal/eztaxreturn
10,e-file,https://www.e-file.com/,aHR0cHM6Ly93d3cuZS1maWxlLmNvbS8=,https://indybytes.com/pascal?enc=~aHR0cHM6Ly93d3cuZS1maWxlLmNvbS8=~,https://indybytes.com/pascal/e-file
11,fileyourtaxes,https://www.fileyourtaxes.com/,aHR0cHM6Ly93d3cuZmlsZXlvdXJ0YXhlcy5jb20v,https://indybytes.com/pascal?enc=~aHR0cHM6Ly93d3cuZmlsZXlvdXJ0YXhlcy5jb20v~,https://indybytes.com/pascal/fileyourtaxes
12,beyondbody,https://beyondbody.me/,aHR0cHM6Ly9iZXlvbmRib2R5Lm1lLw==,https://indybytes.com/pascal?enc=~aHR0cHM6Ly9iZXlvbmRib2R5Lm1lLw==~,https://indybytes.com/pascal/beyondbody
13,hostinger,https://www.hostinger.com/,aHR0cHM6Ly93d3cuaG9zdGluZ2VyLmNvbS8=,https://indybytes.com/pascal?enc=~aHR0cHM6Ly93d3cuaG9zdGluZ2VyLmNvbS8=~,https://indybytes.com/pascal/hostinger
14,bluehost,https://www.bluehost.in/,aHR0cHM6Ly93d3cuYmx1ZWhvc3QuaW4v,https://indybytes.com/pascal?enc=~aHR0cHM6Ly93d3cuYmx1ZWhvc3QuaW4v~,https://indybytes.com/pascal/bluehost
15,stubhub,https://www.stubhub.com/,aHR0cHM6Ly93d3cuc3R1Ymh1Yi5jb20v,https://indybytes.com/pascal?enc=~aHR0cHM6Ly93d3cuc3R1Ymh1Yi5jb20v~,https://indybytes.com/pascal/stubhub
16,mineTitle,https://tracking.icubeswire.co/aff_c?offer_id=3379&aff_id=524,aHR0cHM6Ly90cmFja2luZy5pY3ViZXN3aXJlLmNvL2FmZl9jP29mZmVyX2lkPTMzNzkmYWZmX2lkPTUyNA==,https://indybytes.com/pascal?enc=~aHR0cHM6Ly90cmFja2luZy5pY3ViZXN3aXJlLmNvL2FmZl9jP29mZmVyX2lkPTMzNzkmYWZmX2lkPTUyNA==~,https://indybytes.com/pascal/mineTitle
17,testing,https://3ginfo.in/,aHR0cHM6Ly8zZ2luZm8uaW4v,https://indybytes.com/pascal?enc=~aHR0cHM6Ly8zZ2luZm8uaW4v~,https://indybytes.com/pascal/testing
18,facebook,https://www.facebook.com/,aHR0cHM6Ly93d3cuZmFjZWJvb2suY29tLw==,https://indybytes.com/pascal?enc=~aHR0cHM6Ly93d3cuZmFjZWJvb2suY29tLw==~,https://indybytes.com/pascal/facebook
